Aaron Lee <aaron.lee@rackspace.com>
Aaron Rosen <aaronorosen@gmail.com>
Aaron Rosen <arosen@nicira.com>
Aarti Kriplani <aarti.kriplani@RACKSPACE.COM>
Abhijeet Malawade <Abhijeet.Malawade@nttdata.com>
Abhijeet Malawade <abhijeet.malawade@gmail.com>
Abhishek Anand <csaisst@live.com>
Abhishek Chanda <abhishek@cloudscaling.com>
Abhishek Kekane <abhishek.kekane@nttdata.com>
Abhishek Sharma <abmsharm@in.ibm.com>
Abhishek Talwar <abhishek.talwar@tcs.com>
Adalberto Medeiros <adalbas@linux.vnet.ibm.com>
Adam Gandelman <adam.gandelman@canonical.com>
Adam Gandelman <adamg@canonical.com>
Adam Gandelman <adamg@ubuntu.com>
Adam Johnson <adjohn@gmail.com>
Adam Kacmarsky <adam.kacmarsky@hp.com>
Adam Spiers <aspiers@suse.com>
Adam Young <ayoung@redhat.com>
Adelina Tuvenie <atuvenie@cloudbasesolutions.com>
Aditi Rajagopal <arajagopal@us.ibm.com>
Aditi Raveesh <aditi.raveesh@gmail.com>
Aditi Raveesh <aditirav@thoughtworks.com>
Aditya Prakash Vaja <wolverine.av@gmail.com>
Adrian Chiris <adrianc@mellanox.com>
Adrian Smith <adrian_f_smith@dell.com>
Adrian Vladu <avladu@cloudbasesolutions.com>
Adrien Cunin <acunin@linagora.com>
Adrien Cunin <adrien.cunin@osones.com>
Ahmad Hassan <ahmad.hassan@hp.com>
Akash Gangil <akashg1611@gmail.com>
Akihiro MOTOKI <motoki@da.jp.nec.com>
Akihiro Motoki <amotoki@gmail.com>
Akira KAMIO <akamio@yahoo-corp.jp>
Akira Yoshiyama <a-yoshiyama@bu.jp.nec.com>
Akira Yoshiyama <akirayoshiyama@gmail.com>
Ala Rezmerita <ala.rezmerita@cloudwatt.com>
Alberto Planas <aplanas@gmail.com>
Alessandro Pilotti <ap@pilotti.it>
Alessandro Pilotti <apilotti@cloudbasesolutions.com>
Alessandro Tagliapietra <tagliapietra.alessandro@gmail.com>
Alessio Ababilov <aababilo@yahoo-inc.com>
Alessio Ababilov <aababilov@griddynamics.com>
Alex Gaynor <alex.gaynor@gmail.com>
Alex Glikson <glikson@il.ibm.com>
Alex Handle <ah@mynet.at>
Alex Hmelevsky <alex.hmelevsky@gmail.com>
Alex Holden <alex@alexjonasholden.com>
Alex Meade <mr.alex.meade@gmail.com>
Alex Szarka <szarka@inf.u-szeged.hu>
Alex Szarka <xavvior@gmail.com>
Alex Xu <hejie.xu@intel.com>
AlexFrolov <afrolov@mirantis.com>
AlexMuresan <amuresan@cloudbasesolutions.com>
Alexander Bochkarev <abochkarev@mirantis.com>
Alexander Burluka <aburluka@parallels.com>
Alexander Gordeev <agordeev@mirantis.com>
Alexander Gorodnev <agorodnev@mirantis.com>
Alexander Sakhnov <asakhnov@mirantis.com>
Alexander Schmidt <alexs@linux.vnet.ibm.com>
Alexandra Settle <a.settle@outlook.com>
Alexandra Settle <asettle@suse.com>
Alexandre Arents <alexandre.arents@corp.ovh.com>
Alexandre Levine <alexandrelevine@gmail.com>
Alexandru Muresan <amuresan@cloudbasesolutions.com>
Alexei Kornienko <akornienko@mirantis.com>
Alexey I. Froloff <raorn@raorn.name>
Alexey Roytman <roytman@il.ibm.com>
Alexis Lee <alexisl@hp.com>
Alexis Lee <lxsli@hpe.com>
Alfredo Moralejo <amoralej@redhat.com>
Alin Balutoiu <abalutoiu@cloudbasesolutions.com>
Alin Gabriel Serdean <aserdean@cloudbasesolutions.com>
Allen Gao <wanlong.gao@easystack.cn>
Allen Gao <wanlong.gao@gmail.com>
Alvaro Lopez Garcia <aloga@ifca.unican.es>
Amandeep <rattenpal.amandeep@tcs.com>
Ameed Ashour <ameed.ashour.ext@nokia.com>
Ameed Ashour <ameed.ashour@exalt.ps>
Amir Sadoughi <amir.sadoughi@gmail.com>
Amrith Kumar <amrith@amrith.org>
Amy Fong <amy.fong@windriver.com>
Ana Krivokapic <akrivoka@redhat.com>
Anand Shanmugam <anand1712@gmail.com>
Andras Gyacsok <atti.dyachok@gmail.com>
Andre <afaranha@lsd.ufcg.edu.br>
Andre Aranha <afaranha@lsd.ufcg.edu.br>
Andrea Frittoli <andrea.frittoli@gmail.com>
Andrea Rosa <andrea.rosa@hp.com>
Andrea Rosa <andrea.rosa@hpe.com>
Andreas Jaeger <aj@suse.com>
Andreas Jaeger <aj@suse.de>
Andreas Karis <akaris@redhat.com>
Andreas Scheuring <andreas.scheuring@de.ibm.com>
Andrei Bacos <abacos@cloudbasesolutions.com>
Andrei V. Ostapenko <aostapenko@mirantis.com>
Andrew Bogott <abogott@wikimedia.org>
Andrew Boik <dboik@cisco.com>
Andrew Clay Shafer <acs@parvuscaptus.com>
Andrew Glen-Young <andrew.glen-young@canonical.com>
Andrew James <andrew.james@hp.com>
Andrew Laski <andrew.laski@rackspace.com>
Andrew Laski <andrew@lascii.com>
Andrew Lazarev <alazarev@mirantis.com>
Andrew Melton <andrew.melton@rackspace.com>
Andrew Woodward <awoodward@mirantis.com>
Andrey Brindeyev <abrindeyev@griddynamics.com>
Andrey Kurilin <akurilin@mirantis.com>
Andrey Kurilin <andr.kurilin@gmail.com>
Andrey Pavlov <andrey-mp@yandex.ru>
Andrey Volkov <avolkov@mirantis.com>
Andy Hill <hillad@gmail.com>
Andy Hsiang <yh418t@att.com>
Andy McCrae <andy.mccrae@gmail.com>
Andy Smith <code@term.ie>
Andy Southgate <andy.southgate@citrix.com>
Aneesh Puliyedath Udumbath <aneesh.udumbath@RACKSPACE.COM>
Angus Lees <gus@inodes.org>
Anh Tran <anhtt@vn.fujitsu.com>
Anish Bhatt <anish@chelsio.com>
Anita Kuno <akuno@lavabit.com>
Ankit Agrawal <ankit11.agrawal@nttdata.com>
Ann Kamyshnikova <akamyshnikova@mirantis.com>
Anne Gentle <agentle@cisco.com>
Anne Gentle <anne@openstack.org>
Ante Karamatic <ante.karamatic@canonical.com>
Ante Karamatić <ante.karamatic@canonical.com>
Ante Karamatić <ivoks@ubuntu.com>
Anthony Lee <anthony.mic.lee@hp.com>
Anthony PERARD <anthony.perard@citrix.com>
Anthony Woods <awoods@internap.com>
Anthony Young <sleepsonthefloor@gmail.com>
Anton Arefiev <aarefiev@mirantis.com>
Anton Gorenkov <agorenkov@griddynamics.com>
Anton Kremenetsky <anton.kremenetsky@yandex.ru>
Anton V. Yanchenko <simplylizz@gmail.com>
Antoni Segura Puimedon <toni@midokura.com>
Antony Messerli <ant@openstack.org>
Anuj Mathur <anuj.mathur@rackspace.com>
Anush Krishnamurthy <anush.krishnamurthy@intel.com>
Anusha Unnam <anusha.unnam@intel.com>
Arata Notsu <notsu@virtualtech.jp>
Arathi <arathi_darshanam@persistent.co.in>
Archit Modi <amodi@redhat.com>
Armando Migliaccio <Armando.Migliaccio@eu.citrix.com>
Armando Migliaccio <armando.migliaccio@eu.citrix.com>
Arnaud Legendre <alegendre@vmware.com>
Arnaud Legendre <arnaudleg@gmail.com>
Arnaud Morin <arnaud.morin@corp.ovh.com>
Artem Vasilyev <artem.v.vasilyev@gmail.com>
Arthur Dayne <huyueheng@inspur.com>
Artom Lifshitz <alifshit@redhat.com>
Artur Malinowski <artur.malinowski@intel.com>
Arvind Nadendla <arvind.nadendla@intel.com>
Arvind Somya <asomya@cisco.com>
Arx Cruz <apcruz@br.ibm.com>
Asbjørn Sannes <asbjorn.sannes@interhost.no>
Aswad Rangnekar <aswad.rangnekar@nttdata.com>
Atsushi SAKAI <sakaia@jp.fujitsu.com>
Attila Fazekas <afazekas@redhat.com>
Augustina Ragwitz <auggy@cpan.org>
Author Name <karimullah.mohammed@intel.com>
Avinash Prasad <avinash.prasad@nttdata.com>
Avishay Traeger <avishay@il.ibm.com>
Avishay Traeger <avishay@stratoscale.com>
Aysy Anne Duarte <aysyanne@linux.vnet.ibm.com>
Ayush Garg <ayush.garg@nectechnologies.in>
Balazs Gibizer <balazs.gibizer@ericsson.com>
Balazs Gibizer <balazs.gibizer@est.tech>
Bartek Zurawski <bartek.zurawski@ovh.net>
Bartosz Fic <bartosz.fic@intel.com>
Beliveau, Ludovic <ludovic.beliveau@windriver.com>
Belmiro Moreira <moreira.belmiro.email.lists@gmail.com>
Ben McGraw <ben@pistoncloud.com>
Ben Nemec <bnemec@redhat.com>
Ben Nemec <bnemec@us.ibm.com>
Ben Nemec <openstack@nemebean.com>
Ben Roble <ben.roble@rackspace.com>
Ben Swartzlander <bswartz@netapp.com>
Bernhard M. Wiedemann <bwiedemann@suse.de>
Bhagyashri Shewale <bhagyashri.shewale@nttdata.com>
Bharath Thiruveedula <bharath_ves@hotmail.com>
Bhuvan Arumugam <bhuvan@apache.org>
Bilal Akhtar <bilalakhtar@ubuntu.com>
Bill Owen <billowen@us.ibm.com>
Bin Zhou <zhou.bin9@zte.com.cn>
Bo Quan <bo.quan@twcable.com>
Bo Wang <bo.wang@easystack.cn>
Bob Ball <bob.ball@citrix.com>
Boden R <bodenvmw@gmail.com>
Boris Bobrov <bbobrov@suse.com>
Boris Filippov <bfilippov@griddynamics.com>
Boris Pavlovic <boris@pavlovic.me>
Brad Hall <brad@nicira.com>
Brad McConnell <bmcconne@rackspace.com>
Brad Pokorny <bpokorny@us.ibm.com>
Brandon Irizarry <iz.brandon@yahoo.com>
Brant Knudson <bknudson@us.ibm.com>
Brendan Maguire <B_Maguire@Dell.com>
Breno Leitao <breno.leitao@gmail.com>
Brent Eagles <beagles@redhat.com>
Brent Tang <btang@us.ibm.com>
Brian D. Elliott <bdelliott@gmail.com>
Brian Elliott <bdelliott@gmail.com>
Brian Elliott <brian.elliott@rackspace.com>
Brian Haley <brian.haley@hp.com>
Brian Lamar <brian.lamar@rackspace.com>
Brian Moss <kallimachos@gmail.com>
Brian Rosmaita <brian.rosmaita@rackspace.com>
Brian Rosmaita <rosmaita.fossdev@gmail.com>
Brian Schott <bschott@isi.edu>
Brian Waldon <brian.waldon@rackspace.com>
Brianna Poulos <Brianna.Poulos@jhuapl.edu>
Brooks Kaminski <bhkaminski@gmail.com>
Brooks Kaminski <brooks.kaminski@rackspace.com>
Bruce Benjamin <bruce.benjamin@jhuapl.edu>
Burt Holzman <burt@fnal.gov>
Béla Vancsics <vancsics@inf.u-szeged.hu>
Cady_Chen <chenyingnan@inspur.com>
Cale Rath <ctrath@us.ibm.com>
Cao ShuFeng <caosf.fnst@cn.fujitsu.com>
Cao Xuan Hoang <hoangcx@vn.fujitsu.com>
Carl Baldwin <carl.baldwin@hpe.com>
Carlos Goncalves <cgoncalves@av.it.pt>
Cedric Brandily <zzelle@gmail.com>
Cedric LECOMTE <clecomte@redhat.com>
Chandan Kumar <chkumar246@gmail.com>
Chang Bo Guo <guochbo@cn.ibm.com>
ChangBo Guo(gcb) <eric.guo@easystack.cn>
Changbin Liu <changbin.liu@gmail.com>
Chen <dstbtgagt@foxmail.com>
Chen Fan <fan.chen@easystack.cn>
Chen Hanxiao <chenhx@certusnet.com.cn>
ChenZheng <chen.zheng@easystack.cn>
Chet Burgess <cfb@metacloud.com>
Chiradeep Vittal <chiradeep@cloud.com>
Chmouel Boudjnah <chmouel@chmouel.com>
Chris <cm876n@att.com>
Chris Behrens <cbehrens@codestud.com>
Chris Buccella <buccella@linux.vnet.ibm.com>
Chris Dent <cdent@anticdent.org>
Chris Friesen <chris.friesen@windriver.com>
Chris J Arges <chris.j.arges@canonical.com>
Chris Jones <cmsj@tenshu.net>
Chris Krelle <NobodyCam@gmail.com>
Chris Krelle <nobodycam@gmail.com>
Chris St. Pierre <stpierre@metacloud.com>
Chris Suttles <suttles@gmail.com>
Chris Yeoh <cyeoh@au1.ibm.com>
Christian Berendt <berendt@b1-systems.de>
Christine Wang <ijuwang@us.ibm.com>
Christoph Manns <manns@strato-rz.de>
Christoph Thiel <cthiel@suse.com>
Christopher Lefelhocz <christopher.lefelhoc@racksapce.com>
Christopher Lefelhocz <christopher.lefelhoc@rackspace.com>
Christopher MacGown <chris@pistoncloud.com>
Christopher Yeoh <cyeoh@au1.ibm.com>
Chuck Carmack <carmack@us.ibm.com>
Chuck Short <zulcss@ubuntu.com>
Chung Chih, Hung <lyan.h@inwinstack.com>
Cian O'Driscoll <cian@hp.com>
Clark Boylan <clark.boylan@gmail.com>
Claudiu Belu <cbelu@cloudbasesolutions.com>
Claxton <claxton@gmail.com>
Clay Gerrard <clay.gerrard@gmail.com>
Clemens Perz <cperz@gmx.net>
Clenimar Filemon <clenimar.filemon@gmail.com>
Clif Houck <me@clifhouck.com>
Clint Byrum <clint@fewbar.com>
Cole Robinson <crobinso@redhat.com>
Cor Cornelisse <cor@hyves.nl>
Corentin Ardeois <cardeois@internap.com>
Corey Bryant <corey.bryant@canonical.com>
Corey Wright <corey.wright@rackspace.com>
Cory Stone <corystone@gmail.com>
Cory Wright <corywright@gmail.com>
Craig Tracey <craigtracey@gmail.com>
Craig Vyvial <cp16net@gmail.com>
Cyril Roelandt <cyril.roelandt@enovance.com>
DamonLi <damonl@vmware.com>
Dan Dan Song <hbdsdd@gmail.com>
Dan Emmons <dan.emmons@rackspace.com>
Dan Florea <dflorea@cisco.com>
Dan Genin <Daniel.Genin@jhuapl.edu>
Dan Genin <daniel.genin@jhuapl.edu>
Dan Peschman <dpeschman@godaddy.com>
Dan Prince <dprince@redhat.com>
Dan Smith <danms@us.ibm.com>
Dan Smith <dansmith@redhat.com>
Dan Smith <dms@danplanet.com>
Dan Wendlandt <dan@nicira.com>
Dane Fichter <dane.fichter@jhuapl.edu>
Danfeng <danfeng.wang@easystack.cn>
Danfly <danfeng.wang@easystack.cn>
Daniel Abad <d.abad@cern.ch>
Daniel Berrange (berrange@redhat.com)
Daniel Berrange <berrange@redhat.com>
Daniel Genin <Daniel.Genin@jhuapl.edu>
Daniel Kuffner <daniel.kuffner@gmail.com>
Daniel L Jones <jonesld@us.ibm.com>
Daniel P. Berrange <berrange@redhat.com>
Daniel Pawlik <daniel.pawlik@corp.ovh.com>
Daniel Pawlik <pawlik.dan@gmail.com>
Daniel Stelter-Gliese <ds@siriuswhite.de>
Danil Akhmetov <dakhmetov@mirantis.com>
Danny Al-Gaaf <danny.al-gaaf@bisect.de>
Dao Cong Tien <tiendc@vn.fujitsu.com>
Darragh O'Reilly <darragh.oreilly@hp.com>
Darren Birkett <darren.birkett@gmail.com>
Darren Sanders <darrsand@cisco.com>
Darren Worrall <daz@dwuk.net>
Davanum Srinivas <davanum@gmail.com>
Davanum Srinivas <dims@linux.vnet.ibm.com>
Dave Lapsley <dlapsley@nicira.com>
Dave McCowan <dmccowan@cisco.com>
Dave McNally <dave.mcnally@hp.com>
Dave Walker (Daviey) <dave.walker@canonical.com>
Dave Walker (Daviey) <email@daviey.com>
David Besen <david.besen@hp.com>
David Bingham <dbingham@godaddy.com>
David Edery <david.edery@alcatel-lucent.com>
David Hill <david.hill@ubisoft.com>
David Hill <dhill@redhat.com>
David Kang <dkang@isi.edu>
David McNally <dave.mcnally@hp.com>
David Medberry <openstack@medberry.net>
David Peraza <dperaza@linux.vnet.ibm.com>
David Pravec <David.Pravec@danix.org>
David Rabel <rabel@b1-systems.de>
David Ripton <dripton@redhat.com>
David Scannell <dscannell@gridcentric.com>
David Shrewsbury <shrewsbury.dave@gmail.com>
David Subiros <david.perez5@hp.com>
David Wahlstrom <david.wahlstrom@dreamhost.com>
David Xie <david.scriptfan@gmail.com>
Dazhao <dzyu@cn.ibm.com>
Dean Troyer <dtroyer@gmail.com>
Debo Dutta <dedutta@cisco.com>
Debo~ Dutta <dedutta@cisco.com>
Deepak C Shetty <deepakcs@redhat.com>
Deepak Garg <deepak.garg@citrix.com>
Deliang Fan <fandeliang@letv.com>
Demontiê Junior <demontie@lsd.ufcg.edu.br>
Dennis Kliban <dkliban@redhat.com>
DennyZhang <denny@unitedstack.com>
Derek Higgins <derekh@redhat.com>
Devananda van der Veen <devananda.vdv@gmail.com>
Devdatta Kulkarni <devdatta.kulkarni@rackspace.com>
Devdeep Singh <devdeep.singh@citrix.com>
Devendra Modium <dmodium@isi.edu>
Devin Carlen <devin.carlen@gmail.com>
Dharini Chandrasekar <dharini.chandrasekar@intel.com>
Dheeraj Gupta <dheeraj.gupta4@gmail.com>
Diana Clarke <diana.joan.clarke@gmail.com>
Dima Shulyak <dshulyak@mirantis.com>
Dimitri Mazmanov <dimitri.mazmanov@ericsson.com>
Dina Belova <dbelova@mirantis.com>
Dinesh Bhor <dinesh.bhor@nttdata.com>
Dirk Mueller <dirk@dmllr.de>
Divya <dikonoor@in.ibm.com>
Dmitry Borodaenko <dborodaenko@mirantis.com>
Dmitry Guryanov <dguryanov@parallels.com>
Dmitry Guryanov <dguryanov@virtuozzo.com>
Dmitry Spikhalskiy <dmitry@spikhalskiy.com>
Dmitry Tantsur <divius.inside@gmail.com>
Dmitry Tantsur <dtantsur@protonmail.com>
Dmitry Tantsur <dtantsur@redhat.com>
Dolph Mathews <dolph.mathews@gmail.com>
Dominic Schlegel <dominic.schlegel@hostpoint.ch>
Dominik Heidler <dheidler@suse.de>
Don Dugger <donald.d.dugger@intel.com>
Donal Lafferty <donal.lafferty@citrix.com>
Dong Ma <winterma.dong@gmail.com>
Dongcan Ye <hellochosen@gmail.com>
Dongdong Zhou <dzhou121@gmail.com>
Donovan Finch <donovanfinch@gmail.com>
Dorin Paslaru <dpaslaru@cloudbasesolutions.com>
Doug Hellmann <doug.hellmann@dreamhost.com>
Doug Hellmann <doug@doughellmann.com>
Doug Royal <douglasroyal@gmail.com>
Doug Wiegley <dwiegley@salesforce.com>
Drew Fisher <drew.fisher@oracle.com>
Drew Thorstensen <thorst@us.ibm.com>
DuYaHong <yahongdu@cn.ibm.com>
Duan Jiong <jduan@fiberhome.com>
Duncan McGreggor <duncan@dreamhost.com>
Duong Ha-Quang <duonghq@vn.fujitsu.com>
Dustin Cowles <dustin.cowles@intel.com>
Earle F. Philhower, III <earle.philhower.iii@hgst.com>
Ed Bak <ed.bak2@hp.com>
Ed Leafe <ed@leafe.com>
EdLeafe <ed@leafe.com>
Edan David <edand@mellanox.com>
Edgar Magana <emagana@gmail.com>
Eduardo Costa <eduardobmc@gmail.com>
Edward Hope-Morley <edward.hope-morley@canonical.com>
Edwin Zhai <edwin.zhai@intel.com>
Eiich Aikawa <aikawa@mxk.nes.nec.co.jp>
Eiichi Aikawa <aikawa@mxk.nes.nec.co.jp>
Einst Crazy <yu.changcai@99cloud.net>
Eldar Nugaev <reldan@oscloud.ru>
Elena Ezhova <eezhova@mirantis.com>
Eli Qiao <liyong.qiao@intel.com>
Eli Qiao <taget@linux.vnet.ibm.com>
Ellen Hui <ellenfkh@gmail.com>
Elod Illes <elod.illes@est.tech>
Előd Illés <elod.illes@ericsson.com>
Emilien Macchi <emilien@redhat.com>
Emma Foley <emma.l.foley@intel.com>
En <en.h@inwinstack.com>
Eoghan Glynn <eglynn@redhat.com>
Eohyung Lee <liquidnuker@gmail.com>
Eric Berglund <esberglu@us.ibm.com>
Eric Blake <eblake@redhat.com>
Eric Brown <browne@vmware.com>
Eric Day <eday@oddments.org>
Eric Fried <efried@us.ibm.com>
Eric Fried <openstack@fried.cc>
Eric Guo <eric.guo@easystack.cn>
Eric Harney <eharney@gmail.com>
Eric Harney <eharney@redhat.com>
Eric M Gonzalez <eric@awnix.com>
Eric Windisch <eric@cloudscaling.com>
Eric Windisch <ewindisch@docker.com>
Eric Young <eric.young@dell.com>
Eric Young <eric.young@emc.com>
Erik Berg <openstack@slipsprogrammor.no>
Erik Olof Gunnar Andersson <eandersson@blizzard.com>
Erik Zaadi <erikz@il.ibm.com>
Erwan Gallen <erwan@erwan.com>
Esha Seth <eshaseth@in.ibm.com>
Esra Celik <celik.esra@tubitak.gov.tr>
Ethan Chu <xychu2008@gmail.com>
Euan Harris <euan.harris@citrix.com>
Eugene Kirpichov <ekirpichov@gmail.com>
Eugene Nikanorov <enikanorov@mirantis.com>
Eugeniya Kudryashova <ekudryashova@mirantis.com>
Evan Callicoat <diopter@gmail.com>
Evgeny Antyshev <eantyshev@virtuozzo.com>
Evgeny Fedoruk <EvgenyF@Radware.com>
Ewan Mellor <ewan.mellor@citrix.com>
Facundo Farias <facundo.farias@intel.com>
Facundo Maldonado <facundo.n.maldonado@intel.com>
Fan Zhang <zh.f@outlook.com>
Fang He <fang.he@hotmail.com>
Fang Jinxing <jinxing.f@gmail.com>
Fei Long Wang <flwang@catalyst.net.nz>
Fei Long Wang <flwang@cn.ibm.com>
Felipe Monteiro <felipe.monteiro@att.com>
Felix Li <liljb@cn.ibm.com>
Feng Xi Yan <yanfengxi@cn.ibm.com>
Fengqian Gao <fengqian.gao@intel.com>
Feodor Tersin <ftersin@cloudscaling.com>
Feodor Tersin <ftersin@hotmail.com>
Flaper Fesp <flaper87@gmail.com>
Flavia Missi <flaviamissi@gmail.com>
Flavio Percoco <flaper87@gmail.com>
Flavio Percoco <flavio@redhat.com>
Florent Flament <florent.flament-ext@cloudwatt.com>
Florian Haas <florian@citynetwork.eu>
Florian Haas <florian@hastexo.com>
Forest Romain <romain.forest@thalesgroup.com>
ForestLee <lichl@hotmail.com>
Francesco Santoro <francesco.santoro@6wind.com>
Francois Palin <fpalin@redhat.com>
François Charlier <francois.charlier@enovance.com>
Frederic Lepied <frederic.lepied@enovance.com>
Gabe Westmaas <gabe.westmaas@rackspace.com>
Gabor Antal <antal@inf.u-szeged.hu>
Gabriel Adrian Samfira <gsamfira@cloudbasesolutions.com>
Gabriel Hurley <gabriel@strikeawe.com>
Gabriel Samfira <gsamfira@cloudbasesolutions.com>
Gage Hugo <gagehugo@gmail.com>
Gage Hugo <gh159m@att.com>
Gao Yuan <yuan.gao@easystack.cn>
Gary Kotton <gkotton@redhat.com>
Gary Kotton <gkotton@vmware.com>
Gaudenz Steinlin <gaudenz.steinlin@cloudscale.ch>
Gaurav Gupta <gaurav@denali-systems.com>
Gauvain Pocentek <gauvain.pocentek@objectif-libre.com>
Gauvain Pocentek <gauvain@pocentek.net>
Georg Hoesch <georg.hoesch@genua.de>
George Shuklin <george.shuklin@gmail.com>
Gergo Debreczeni <gdebreczeni@cloudbasesolutions.com>
Gerry Kopec <Gerry.Kopec@windriver.com>
Ghanshyam <ghanshyam.mann@nectechnologies.in>
Ghanshyam <gmann@ghanshyammann.com>
Ghanshyam Mann <gmann@ghanshyammann.com>
Ghanshyan Mann <gmann@ghanshyammann.com>
Ghe Rivero <ghe@debian.org>
Giampaolo Lauria <lauria@us.ibm.com>
Giridhar Jayavelu <gjayavelu@vmware.com>
Giulio Fidente <gfidente@redhat.com>
Gleb Stepanov <gstepanov@mirantis.com>
Gonéri Le Bouder <goneri.lebouder@enovance.com>
Gordon Chung <chungg@ca.ibm.com>
Gorka Eguileor <geguileo@redhat.com>
Graham Hayes <graham.hayes@hpe.com>
Grant Murphy <gmurphy@redhat.com>
Greg Althaus <galthaus@austin.rr.com>
Greg Ball <greg.ball@rackspace.com>
Gregory Haynes <greg@greghaynes.net>
Grzegorz Grasza <grzegorz.grasza@intel.com>
Guan Qiang <hzguanqiang@corp.netease.com>
Guang Yee <guang.yee@suse.com>
Guangya Liu <liugya@cn.ibm.com>
Guangyu Suo <guangyu@unitedstack.com>
Guillaume Espanel <guillaume.espanel@objectif-libre.com>
Guohui Liu <guohui.liu@easystack.cn>
Guoqiang Ding <dingguoqiang@cloudin.cn>
Gyorgy Szombathelyi <gyurco@freemail.hu>
Gábor Antal <antal@inf.u-szeged.hu>
Ha Van Tu <tuhv@vn.fujitsu.com>
Haiwei Xu <xu-haiwei@mxw.nes.nec.co.jp>
Hamdy Khader <hamdyk@mellanox.com>
Hang Yang <hangyang@oath.com>
Hans Lindgren <hanlind@kth.se>
Haomai Wang <haomai@unitedstack.com>
Harshada Mangesh Kakad <harshadak@metsi.co.uk>
Haruka Tanizawa <h-tanizawa@intellilink.co.jp>
He Jie Xu <hejie.xu@intel.com>
He Jie Xu <soulxu@gmail.com>
He Jie Xu <xuhj@linux.vnet.ibm.com>
He Yongli <yongli.he@intel.com>
Hemanth Makkapati <hemanth.makkapati@rackspace.com>
Hendrik Volkmer <h.volkmer@cloudbau.de>
Hengqing Hu <hudayou@hotmail.com>
Hesam Chobanlou <hesamchobanlou@gmail.com>
Hieu LE <hieulq@vn.fujitsu.com>
Hirofumi Ichihara <ichihara.hirofumi@lab.ntt.co.jp>
Hironori Shiina <shiina.hironori@jp.fujitsu.com>
Hiroyuki Eguchi <h-eguchi@az.jp.nec.com>
Hisaharu Ishii <ishii.hisaharu@lab.ntt.co.jp>
Hisaki Ohara <hisaki.ohara@intel.com>
Hongbin Lu <hongbin.lu@huawei.com>
Hongbin Lu <hongbin034@gmail.com>
Huan Xie <huan.xie@citrix.com>
Huang Rui <bjhuangr@cn.ibm.com>
Hyunsun Moon <hyunsun.moon@gmail.com>
IWAMOTO Toshihiro <iwamoto@valinux.co.jp>
Ian Cordasco <ian.cordasco@rackspace.com>
Ian Wells <iawells@cisco.com>
Ian Wienand <iwienand@redhat.com>
Ianeta Hutchinson <ianeta.hutchinson@intel.com>
Ice Yao <yao3690093@gmail.com>
Ifat Afek <ifat.afek@nokia.com>
Ihar Hrachyshka <ihrachys@redhat.com>
Ildiko Vancsa <ildiko.vancsa@ericsson.com>
Ildiko Vancsa <ildiko.vancsa@gmail.com>
Ilya Alekseyev <ilyaalekseyev@acm.org>
Ilya Etingof <etingof@gmail.com>
Ilya Pekelny <ipekelny@mirantis.com>
Ilya Popov <ilya_p@hotmail.com>
Ilya Shakhat <shakhat@gmail.com>
Inbar <inbar_shapira@il.ibm.com>
Ionuț Arțăriși <iartarisi@suse.cz>
Ionuț Bîru <ionut@fleio.com>
Irena Berezovsky <irenab@mellanox.com>
Isaku Yamahata <yamahata@valinux.co.jp>
Itzik Brown <itzikb@dev.mellanox.co.il>
Iury Gregory Melo Ferreira <imelofer@redhat.com>
Ivan A. Melnikov <melnikov@yahoo-inc.com>
Ivan Kolodyazhny <e0ne@e0ne.info>
Ivaylo Mitev <imitev@vmware.com>
Ivo Vasev <ivasev@softlayer.com>
J. Daniel Schmidt <jdsn@suse.de>
JC Martin <jcmartin@ebaysf.com>
Jack Ding <jack.ding@windriver.com>
Jackie Truong <jacklyn.truong@jhuapl.edu>
Jacob Cherkas <jcherkas@nicira.com>
Jake Dahn <jake@ansolabs.com>
Jake Liu <jake@unitedstack.com>
Jake Yip <jake.yip@unimelb.edu.au>
Jakub Pavlik <pavlk.jakub@gmail.com>
Jakub Ruzicka <jruzicka@redhat.com>
James Carey <jecarey@us.ibm.com>
James Chapman <james.p.chapman@intel.com>
James E. Blair <jeblair@hp.com>
James E. Blair <jeblair@redhat.com>
James Page <james.page@ubuntu.com>
James Penick <jpenick@gmail.com>
Jamie Lennox <jamielennox@gmail.com>
Jamie Lennox <jamielennox@redhat.com>
Jan Grant <jan.grant@hp.com>
Jan Gutter <jan.gutter@netronome.com>
Jan Zerebecki <jan.openstack@zerebecki.de>
Janis Gengeris <janis.gengeris@gmail.com>
Jared Culp <jared.culp@rackspace.com>
Jared Winborne <jwinborne@knownhost.com>
Jason Anderson <jasonanderson@uchicago.edu>
Jason Cannavale <jason.cannavale@rackspace.com>
Jason Dillaman <dillaman@redhat.com>
Jason Koelker <jason@koelker.net>
Jason.Zhao <jason.zhao@cn.ibm.com>
Javeme <zhangmei.li@easystack.cn>
Jay Faulkner <jay@jvf.cc>
Jay Jahns <jjahns@vmware.com>
Jay Lau <jay.lau.513@gmail.com>
Jay Lau <liugya@cn.ibm.com>
Jay Lee <jaesang50.lee@samsung.com>
Jay Pipes <jaypipes@gmail.com>
Jay S. Bryant <jsbryant@us.ibm.com>
Jean-Baptiste RANSY <openstack@alyseo.com>
Jean-Marc Saffroy <jean.marc.saffroy@scality.com>
Jean-Philippe Evrard <jean-philippe@evrard.me>
Jeegn Chen <Jeegn.Chen@emc.com>
Jeegn Chen <jeegn.chen@emc.com>
Jeffrey Zhang <zhang.lei.fly@gmail.com>
Jenkins <jenkins@review.openstack.org>
Jennifer Mulsow <jmulsow@us.ibm.com>
Jenny Oshima <jenny.oshima@necam.com>
Jens Harbott <j.harbott@x-ion.de>
Jens Jorritsma <jens.jorritsma@rackspace.com>
Jens Rosenboom <j.rosenboom@x-ion.de>
Jeremy Liu <liujiong@gohighsec.com>
Jeremy Stanley <fungi@yuggoth.org>
Jesse Andrews <anotherjesse@gmail.com>
Jesse J. Cook <jesse.cook@rackspace.com>
Jesse J. Cook <jesse.j.cook@member.fsf.org>
Jesse Keating <jesse.keating@rackspace.com>
Jesse Keating <jlk@bluebox.net>
Jesse Keating <omgjlk@us.ibm.com>
Jesse Pretorius <jesse.pretorius@rackspace.co.uk>
JiaLei Shi <shijialei@sgitg.sgcc.com.cn>
Jiajun Liu <jiajun@unitedstack.com>
Jian Wen <jian.wen@canonical.com>
JiangPF <jiangpf1992@outlook.com>
Jianghua Wang <jianghua.wang@citrix.com>
Jie Li <jie.li@easystack.cn>
Jim Fehlig <jfehlig@suse.com>
Jim Rollenhagen <jim@jimrollenhagen.com>
Jimmy Bergman <jimmy@sigint.se>
Jin Hui <jinhuihh@cn.ibm.com>
JinLi <jl7351@att.com>
Jinwoo 'Joseph' Suh <jsuh@isi.edu>
Jiří Suchomel <jiri.suchomel@suse.com>
Joe Cropper <jwcroppe@us.ibm.com>
Joe Gordon <joe.gordon0@gmail.com>
Joe Heck <heckj@mac.com>
Joe Julian <jjulian@io.com>
Joe Mills <joe@midokura.com>
Joe Talerico <jtaleric@redhat.com>
Joel Coffman <joel.coffman@jhuapl.edu>
Joel Moore <joelbm24@gmail.com>
Johannes Erdfelt <johannes.erdfelt@rackspace.com>
Johannes Erdfelt <johannes@erdfelt.com>
Johannes Kulik <jkulik@wavecon.de>
Johannes Kulik <johannes.kulik@sap.com>
John <john.garbutt@stackhpc.com>
John Bresnahan <jbresnah@redhat.com>
John Dewey <john@dewey.ws>
John Garbutt <john.garbutt@citrix.com>
John Garbutt <john.garbutt@rackspace.com>
John Garbutt <john@johngarbutt.com>
John Griffith <john.griffith8@gmail.com>
John Griffith <john.griffith@solidfire.com>
John H. Tran <jhtran@att.com>
John Haan <yongiman@gmail.com>
John Herndon <john.herndon@hp.com>
John Hua <john.hua@citrix.com>
John Kennedy <john.m.kennedy@intel.com>
John L. Villalovos <john.l.villalovos@intel.com>
John Stanford <john@solinea.com>
John Tran <jhtran@att.com>
John Tran <jtran@attinteractive.com>
John Warren <jswarren@us.ibm.com>
Johnson koil raj <johnson.raj@hp.com>
Jolyon Brown <git@limilo.com>
Jon Bernard <jobernar@redhat.com>
Jon Grimm <jgrimm@linux.vnet.ibm.com>
Jonathan Bryce <jbryce@jbryce.com>
Jordan Pittier <jordan.pittier@scality.com>
Jordan Rinke <jordan@openstack.org>
JordanP <jordan.pittier-ext@cloudwatt.com>
JordanP <jordan.pittier@cloudwatt.com>
Jorge Niedbalski <jorge.niedbalski@canonical.com>
Joris S'heeren <joris.sheeren@combellgroup.com>
Jose Castro Leon <jose.castro.leon@cern.ch>
Joseph Suh <jsuh@isi.edu>
Joseph W. Breu <breu@breu.org>
Josh Durgin <josh.durgin@inktank.com>
Josh Durgin <joshd@hq.newdream.net>
Josh Gachnang <josh@pcsforeducation.com>
Josh Kearney <josh.kearney@pistoncloud.com>
Josh Kleinpeter <josh@kleinpeter.org>
Joshua Harlow <harlowja@gmail.com>
Joshua Harlow <harlowja@yahoo-inc.com>
Joshua Harlow <jxharlow@godaddy.com>
Joshua Hesketh <josh@nitrotech.org>
Joshua McKenty <jmckenty@gmail.com>
JuPing <jup.fnst@cn.fujitsu.com>
Juan Antonio Osorio Robles <jaosorior@redhat.com>
Juan Manuel Olle <juan.m.olle@intel.com>
Juerg Haefliger <juerg.haefliger@hp.com>
Julia Kreger <juliaashleykreger@gmail.com>
Julia Varlamova <jvarlamova@mirantis.com>
Julian Sy <js802v@att.com>
Julian Sy <julian.sy@att.com>
Julien Danjou <julien.danjou@enovance.com>
Julien Danjou <julien@danjou.info>
Justin Hammond <justin.hammond@rackspace.com>
Justin Santa Barbara <justin@fathomdb.com>
Justin Shepherd <jshepher@rackspace.com>
Jérôme Gallard <jerome.david.gallard@gmail.com>
KIYOHIRO ADACHI <adachi@mxs.nes.nec.co.jp>
Kaitlin Farr <kaitlin.farr@jhuapl.edu>
Kamil Rykowski <kamil.rykowski@intel.com>
Kanagaraj Manickam <kanagaraj.manickam@hp.com>
Karen Bradshaw <kbhawkey@gmail.com>
Karen Noel <knoel@redhat.com>
Karimullah Mohammed <karimullah.mohammed@intel.com>
Kartik Bommepally <kbommepally@vmware.com>
Kashi Reddy <kashi.reddy@rackspace.com>
Kashyap Chamarthy <kchamart@redhat.com>
Kaushik Chandrashekar <kaushik.chand@gmail.com>
Kaushik Chandrashekar <kaushik.chandrashekar@rackspace.com>
Kei Masumoto <masumotok@nttdata.co.jp>
Keisuke Tagami <tagami.keisuke@lab.ntt.co.jp>
Ken Burger <burgerk@us.ibm.com>
Ken Igarashi <igarashik@nttdocomo.co.jp>
Ken Pepple <ken.pepple@gmail.com>
Ken'ichi Ohmichi <ken-oomichi@wx.jp.nec.com>
Ken'ichi Ohmichi <oomichi@mxs.nes.nec.co.jp>
Kengo Sakai <kengo.sakai@dena.com>
Kenji Yasui <k-yasui@ti.jp.nec.com>
Kent Wang <kent.wang@intel.com>
Kentaro Matsumoto <kn-matsumoto@kddi.com>
Keshava Bharadwaj <kb.sankethi@gmail.com>
Kevin Benton <blak111@gmail.com>
Kevin Benton <kevin.benton@bigswitch.com>
Kevin Benton <kevin@benton.pub>
Kevin Bringard <kbringard@attinteractive.com>
Kevin L. Mitchell <kevin.mitchell@rackspace.com>
Kevin Zhao <Kevin.Zhao@arm.com>
Kevin Zhao <kevin.zhao@arm.com>
Kevin Zhao <kevin.zhao@linaro.org>
Kevin Zhao <kevinzs2048@gmail.com>
KevinZhao <kevin.zhao@linaro.org>
Kevin_Zheng <zhengzhenyu@huawei.com>
Kiall Mac Innes <kiall@managedit.ie>
Kien Nguyen <ntk148v@gmail.com>
Kieran Spear <kispear@gmail.com>
Kirill Shileev <kshileev@gmail.com>
Kiseok Kim <kiseok7@gmail.com>
Kobi Samoray <ksamoray@vmware.com>
Koert van der Veer <koert@cloudvps.com>
Koichi Yoshigoe <koichi.yoshigoe@mail.rakuten.com>
Koji Iida <iida.koji@lab.ntt.co.jp>
Komei Shimamura <kshimamu@cisco.com>
Konstantinos Samaras-Tsakiris <konstantinos.samaras-tsakiris@cern.ch>
Kost <kost@isi.edu>
Kravchenko Pavel <kpavel@il.ibm.com>
Krisztian Gacsal <krisztian.gacsal@ericsson.com>
Kui Shi <skuicloud@gmail.com>
Kun Huang <gareth@unitedstack.com>
Kurt Taylor <krtaylor@us.ibm.com>
Kurt Taylor <kurt.r.taylor@gmail.com>
Kurtis Cobb <kurtis.cobb@gmail.com>
Kylin CG <kylin7.sg@gmail.com>
LIU Yulong <liuyulong@le.com>
Lajos Katona <lajos.katona@ericsson.com>
Lan Qi song <lqslan@cn.ibm.com>
Lance Bragstad <lbragstad@gmail.com>
Lance Bragstad <ldbragst@us.ibm.com>
Lars Kellogg-Stedman <lars@redhat.com>
Laszlo Hegedus <laszlo.hegedus@ericsson.com>
Launchpad Translations on behalf of nova-core <>
Lauren Taylor <lmtaylor@us.ibm.com>
Leander Bessa Beernaert <leanderbb@gmail.com>
Leandro I. Costantino <leandro.i.costantino@intel.com>
Lee Yarwood <lyarwood@redhat.com>
Leehom Li (feli5) <feli5@cisco.com>
Leehom Li <feli5@cisco.com>
Lenny Verkhovsky <lennyb@mellanox.com>
LeopardMa <mabao@inspur.com>
Li Chen <chen.li@intel.com>
Liam Kelleher <liam.kelleher@hp.com>
Liam Young <liam.young@canonical.com>
Lianhao Lu <lianhao.lu@intel.com>
Likitha Shetty <likitha.shetty@citrix.com>
Lin Hua Cheng <lin-hua.cheng@hp.com>
Lin Tan <lin.tan@intel.com>
Lingxian Kong <konglingxian@huawei.com>
LingxianKong <konglingxian@huawei.com>
LiuNanke <nanke.liu@easystack.cn>
Loganathan Parthipan <parthipan@hp.com>
Lorenzo Affetti <affox90@gmail.com>
Lorin Hochstein <lorin@nimbisservices.com>
Lucas Alvares Gomes <lucasagomes@gmail.com>
Lucian Petrut <lpetrut@cloudbasesolutions.com>
Lucian Petrut <petrutlucian94@gmail.com>
Ludovic Beliveau <ludovic.beliveau@windriver.com>
Luigi Toscano <ltoscano@redhat.com>
Luis A. Garcia <luis@linux.vnet.ibm.com>
Luis Fernandez Alvarez <luis.fernandez.alvarez@cern.ch>
Luis Pigueiras <luis.pigueiras@cern.ch>
Luis Tomas <luis5tb@gmail.com>
Luiz Capitulino <lcapitulino@redhat.com>
Luo Gangyi <luogangyi@chinamobile.com>
Luong Anh Tuan <tuanla@vn.fujitsu.com>
Luyao Zhong <luyao.zhong@intel.com>
LuyaoZhong <luyao.zhong@intel.com>
Lvov Maxim <usrleon@gmail.com>
MORITA Kazutaka <morita.kazutaka@gmail.com>
Maciej Jozefczyk <maciej.jozefczyk@corp.ovh.com>
Maciej Józefczyk <maciej.jozefczyk@corp.ovh.com>
Maciej Kucia <maciej@kucia.net>
Maciej Szankin <maciej.szankin@intel.com>
Madhu Mohan Nelemane <mmnelemane@suse.com>
Madhuri Kumari <madhuri.kumari@intel.com>
Madhuri Kumari <madhuri.kumari@nectechnologies.in>
Mahesh K P <maheshp@thoughtworks.com>
Mahesh Panchaksharaiah <maheshp@thoughtworks.com>
Maho Koshiya <koshiya.maho@po.ntts.co.jp>
Maithem <munshedm@vmware.com>
Major Hayden <major@mhtx.net>
Malini Bhandaru <malini.k.bhandaru@intel.com>
Mana Kaneko <mana.62.1.11@gmail.com>
Mandar Vaze <mandar.vaze@vertex.co.in>
Mandell Degerness <mdegerne@gmail.com>
Manjunath Patil <mpatil@hp.com>
Marcellin Fom Tchassem <mf6510@att.com>
Marcin Juszkiewicz <marcin.juszkiewicz@linaro.org>
Marcin Juszkiewicz <marcin@juszkiewicz.com.pl>
Marcio Roberto Starke <marcio.starke@serpro.gov.br>
Marco Sinhoreli <msinhore@gmail.com>
Marcos Lobo <marcos.fermin.lobo@cern.ch>
Marcus Furlong <furlongm@gmail.com>
Marian Horban <mhorban@mirantis.com>
Mario Villaplana <mario.villaplana@gmail.com>
Maris Fogels <maris.fogels@redplanet.ca>
Mark Doffman <mjdoffma@us.ibm.com>
Mark Giles <mark.giles@oracle.com>
Mark Goddard <mark@stackhpc.com>
Mark Goddard <mgoddard@cray.com>
Mark McClain <mark.mcclain@dreamhost.com>
Mark McLoughlin <markmc@redhat.com>
Mark T. Voelker <mvoelker@vmware.com>
Mark Washenberger <mark.washenberger@rackspace.com>
Markus Zoeller <mzoeller@de.ibm.com>
Martin Kletzander <mkletzan@redhat.com>
Martin Packman <martin.packman@canonical.com>
Martin Schuppert <mschuppert@redhat.com>
Martins Jakubovics <martins@vertigs.lv>
Maru Newby <mnewby@internap.com>
Masaki Matsushita <glass.saga@gmail.com>
Masanori Itoh <itoumsn@nttdata.co.jp>
Masanori Itoh <masanori.itoh@gmail.com>
Masayuki Igawa <igawa@mxs.nes.nec.co.jp>
Mate Lakat <mate.lakat@citrix.com>
Mathew Odden <mrodden@us.ibm.com>
Mathieu Gagné <mgagne@iweb.com>
Mathieu Mitchell <mmitchell@iweb.com>
Matt Dietz <matt.dietz@rackspace.com>
Matt Fischer <matt@mattfischer.com>
Matt Joyce <matt.joyce@cloudscaling.com>
Matt Odden <mrodden@us.ibm.com>
Matt Rabe <mdrabe@us.ibm.com>
Matt Riedemann <mriedem.os@gmail.com>
Matt Riedemann <mriedem@us.ibm.com>
Matt Stephenson <mattstep@mattstep.net>
Matt Thompson <mattt@defunct.ca>
Matt Wisch <matt.wisch@rackspace.com>
Matthew Booth <mbooth@redhat.com>
Matthew Edmonds <edmondsw@us.ibm.com>
Matthew Gilliard <matthew.gilliard@hp.com>
Matthew Hooker <matt@cloudscaling.com>
Matthew Macdonald-Wallace <matthew.macdonald-wallace@hp.com>
Matthew Oliver <matt@oliver.net.au>
Matthew Sherborne <msherborne@gmail.com>
Matthew Treinish <mtreinish@kortar.org>
Matthew Treinish <treinish@linux.vnet.ibm.com>
Mauro S. M. Rodrigues <maurosr@linux.vnet.ibm.com>
Maxim Nestratov <mnestratov@parallels.com>
Maxim Nestratov <mnestratov@virtuozzo.com>
Maxime Leroy <maxime.leroy@6wind.com>
Md Nadeem <md.nadeem@nectechnologies.in>
Mehdi Abaakouk <mehdi.abaakouk@enovance.com>
Mehdi Abaakouk <sileht@redhat.com>
Mehdi Abaakouk <sileht@sileht.net>
Melanie Witt <melwitt@yahoo-inc.com>
Michael Bayer <mike_mp@zzzcomputing.com>
Michael Davies <michael@the-davies.net>
Michael Gundlach <michael.gundlach@rackspace.com>
Michael H Wilson <geekinutah@gmail.com>
Michael Henkel <mhenkel@juniper.net>
Michael J Fork <mjfork@us.ibm.com>
Michael Kerrin <michael.kerrin@hp.com>
Michael Krotscheck <krotscheck@gmail.com>
Michael Still <mikal@stillhq.com>
Michael Turek <mjturek@linux.vnet.ibm.com>
Michael Wilson <geekinutah@gmail.com>
Michael Wurtz <michael.wurtz@ibm.com>
Michal <mpryc@redhat.com>
Michal Dulko <michal.dulko@intel.com>
Michal Pryc <mpryc@redhat.com>
Miguel Herranz <miguel@midokura.com>
Miguel Lavalle <malavall@us.ibm.com>
Miguel Lavalle <miguel@mlavalle.com>
Mike Bayer <mike_mp@zzzcomputing.com>
Mike Dorman <mdorman@godaddy.com>
Mike Durnosvistov <mdurnosvistov@mirantis.com>
Mike Fedosin <mfedosin@mirantis.com>
Mike Lowe <jomlowe@iu.edu>
Mike Lundy <mike@pistoncloud.com>
Mike Milner <mike.milner@canonical.com>
Mike Perez <thingee@gmail.com>
Mike Pittaro <mikeyp@LaHondaResearch.org>
Mike Scherbakov <mihgen@gmail.com>
Mike Spreitzer <mspreitz@us.ibm.com>
MikeG451 <mg6596@att.com>
Mikhail Chernik <mchernik@mirantis.com>
Mikhail Durnosvistov <mdurnosvistov@mirantis.com>
Mikhail Feoktistov <mfeoktistov@virtuozzo.com>
Mikyung Kang <mkkang@isi.edu>
Ming Yang <me@ongmingyang.com>
Mitsuhiko Yamazaki <yamazaki-mitsuhiko@cnt.mxc.nes.nec.co.jp>
Mitsuhiro SHIGEMATSU <shigematsu.mitsuhiro@lab.ntt.co.jp>
Mitsuhiro Tanino <mitsuhiro.tanino@hds.com>
Mohammed Naser <mnaser@vexxhost.com>
Monsyne Dragon <mdragon@rackspace.com>
Monty Taylor <mordred@inaugust.com>
Morgan Fainberg <morgan.fainberg@gmail.com>
Moshe Levi <moshele@mellanox.com>
MotoKen <motokentsai@gmail.com>
Muawia Khan <muawia@plumgrid.com>
MultipleCrashes <inimitableharish@gmail.com>
Muneyuki Noguchi <noguchimn@nttdata.co.jp>
NTT PF Lab. <ueno.nachi@lab.ntt.co.jp>
Nachi Ueno <nachi@nttmcl.com>
Nam Nguyen Hoai <namnh@vn.fujitsu.com>
Nathan Kinder <nkinder@redhat.com>
Naveed Massjouni <naveedm9@gmail.com>
Navneet Kumar <navneetk@thoughtworks.com>
Neha Alhat <neha.alhat@nttdata.com>
Neil Jerram <Neil.Jerram@metaswitch.com>
Neil Jerram <neil@tigera.io>
Newptone <yuxcer@gmail.com>
Ngo Quoc Cuong <cuongnq@vn.fujitsu.com>
Nguyen Hai Truong <truongnh@vn.fujitsu.com>
Nguyen Hung Phuong <phuongnh@vn.fujitsu.com>
Nguyen Phuong An <AnNP@vn.fujitsu.com>
Nicholas Kuechler <nkuechler@gmail.com>
Nick Bartos <nick@pistoncloud.com>
Nicolas Bock <nicolasbock@gmail.com>
Nicolas Simonds <nic@metacloud.com>
Nikhil Komawar <nikhil.komawar@rackspace.com>
Nikhil Komawar <nikhilskomawar@gmail.com>
Nikita Gerasimov <nikita.gerasimov@oracle.com>
Nikita Konovalov <nkonovalov@mirantis.com>
Nikola Dipanov <ndipanov@redhat.com>
Nikola Dipanov <nikola.djipanov@gmail.com>
Nikola Đipanov <ndipanov@redhat.com>
Nikolai Korablin <nkorabli@cisco.com>
Nikolay Sokolov <nsokolov@griddynamics.com>
Nirmal Ranganathan <rnirmal@gmail.com>
Nisha Agarwal <agarwalnisha1980@gmail.com>
Noorul Islam K M <noorul@noorul.com>
Numan Siddique <numan.siddique@enovance.com>
OctopusZhang <zhang.yufei@99cloud.net>
OctopusZhang <zhangyf@rc.inesa.com>
Oleg Bondarev <obondarev@mirantis.com>
Olga Kopilova <olkonami@gmail.com>
Oliver Walsh <owalsh@redhat.com>
Ollie Leahy <oliver.leahy@hp.com>
Ondřej Nový <ondrej.novy@firma.seznam.cz>
OpenStack Release Bot <infra-root@openstack.org>
Oshrit Feder <oshritf@il.ibm.com>
Pablo Fernando Cargnelutti <pablo.fernando.cargnelutti@intel.com>
Pallavi <p.pallavi@tcs.com>
PanYaLian <ylpan@cn.ibm.com>
Patrick East <patrick.east@purestorage.com>
Patrick Schaefer <pschaef@de.ibm.com>
Paul Green <paul_green@alum.mit.edu>
Paul Griffin <paul.griffin@bct-llc.com>
Paul McMillan <paul.mcmillan@nebula.com>
Paul Murray <pmurray@hp.com>
Paul Murray <pmurray@hpe.com>
Paul Voccio <paul@openstack.org>
Paulo Matias <matias@ufscar.br>
Pavel Gluschak <pglushchak@virtuozzo.com>
Pavel Glushchak <pglushchak@virtuozzo.com>
Pavel Kholkin <pkholkin@mirantis.com>
Pavel Kirpichyov <pavel.kirpichyov@gmail.com>
Pavel Kravchenco <kpavel@il.ibm.com>
Pavlo Shchelokovskyy <pshchelokovskyy@mirantis.com>
Pavlo Shchelokovskyy <shchelokovskyy@gmail.com>
Pawel Koniszewski <pawel.koniszewski@intel.com>
Pawel Palucki <pawel.palucki@intel.com>
Pedro Navarro Perez <pednape@gmail.com>
Pekelny "I159" Ilya <pekelny@gmail.com>
Peng Li <flyd1005@outlook.com>
Peng Yong <ppyy@pubyun.com>
Pengfei Zhang <lalasjtu@gmail.com>
Peter Feiner <peter@gridcentric.ca>
Peter Hamilton <peter.hamilton@jhuapl.edu>
Peter Krempa <pkrempa@redhat.com>
Peter Penchev <openstack-dev@storpool.com>
Petersingh Anburaj <panburaj@redhat.com>
Petrut Lucian <lpetrut@cloudbasesolutions.com>
Phil Day <philip.day@hp.com>
Philip Knouff <philip.knouff@mailtrust.com>
Philip Schwartz <philip.schwartz@rackspace.com>
Philipp Marek <philipp.marek@linbit.com>
Phong Ly <phongdly@us.ibm.com>
Pierre Blanc <pierre.blanc@ormuco.com>
Pierre Riteau <pierre@stackhpc.com>
Pooja Jadhav <pooja.jadhav@nttdata.com>
Praharshitha Metla <harshavardhan.metla@tcs.com>
Pranali Deore <pranali11.deore@nttdata.com>
PranaliDeore <pranali11.deore@nttdata.com>
Pranav Salunke <dguitarbite@gmail.com>
Pranav Salunke <pranav@aptira.com>
Prashanth kumar reddy <prashkre@in.ibm.com>
Prateek Arora <parora@redhat.com>
Praveen Yalagandula <ypraveen@gmail.com>
Prem Karat <prem.karat@linux.vnet.ibm.com>
Przemyslaw Czesnowicz <przemyslaw.czesnowicz@intel.com>
Puneet Goyal <puneetgoyal728@gmail.com>
Pushkar Umaranikar <pushkar.umaranikar@intel.com>
Pádraig Brady <pbrady@redhat.com>
Qiang Guan <hzguanqiang@corp.netease.com>
Qiao, Liyong <liyong.qiao@intel.com>
Qiaowei Ren <qiaowei.ren@intel.com>
Qin Zhao <chaochin@gmail.com>
Qin Zhao <zhaoqin@cn.ibm.com>
Qing Wu Wang <wangqwsh@cn.ibm.com>
QingXin Meng <mengqxqx@cn.ibm.com>
Qiu Yu <qiuyu@ebaysf.com>
Qiu Yu <unicell@gmail.com>
QunyingRan <ran.qunying@zte.com.cn>
Rabi Mishra <ramishra@redhat.com>
Racha Ben Ali <racha.ben.ali@ericsson.com>
Radomir Dopieralski <openstack@sheep.art.pl>
Radoslav Gerganov <rgerganov@vmware.com>
Radoslaw Smigielski <radoslaw.smigielski@alcatel-lucent.com>
Rafael Folco <rfolco@br.ibm.com>
Rafi Khardalian <rafi@metacloud.com>
Rajesh Tailor <rajesh.tailor@nttdata.com>
Rajesh Tailor <ratailor@ratailor.pnq.csb>
Rajesh Tailor <ratailor@redhat.com>
Rakesh H S <rh-s@hp.com>
Ralf Haferkamp <rhafer@suse.de>
Ram Nalluri <ram_nalluri@persistent.co.in>
Raoul Hidalgo Charman <raoul.hidalgo.charman@gmail.com>
Ravi Shekhar Jethani <ravishekar.jethani@nttdata.com>
Rawan Herzallah <rawanh@mellanox.com>
Ray Chen <oldsharp@163.com>
Ray Sun <xiaoquqi@gmail.com>
Renier Morales <renierm@us.ibm.com>
Renuka Apte <renuka.apte@citrix.com>
Ricardo Carrillo Cruz <emaildericky@gmail.com>
Ricardo Noriega <rnoriega@redhat.com>
Riccardo Pittau <elfosardo@gmail.com>
Richard Jones <r1chardj0n3s@gmail.com>
Richard W.M. Jones <rjones@redhat.com>
Rick Bartra <rb560u@att.com>
Rick Clark <rick@openstack.org>
Rick Harris <rconradharris@gmail.com>
Rikimaru Honjo <honjo.rikimaru@po.ntt-tx.co.jp>
Rikimaru Honjo <honjo.rikimaru@po.ntts.co.jp>
Ripal Nathuji <ripal.nathuji@calxeda.com>
Ripal Nathuji <ripal@nathuji.com>
Rob Esker <esker@netapp.com>
Robert Collins <rbtcollins@hp.com>
Robert Collins <robertc@robertcollins.net>
Robert Ellis <bob.ellis42@gmail.com>
Robert Kukura <kukura@noironetworks.com>
Robert Li <baoli@cisco.com>
Robert Pothier <rpothier@cisco.com>
Robert Tingirica <rtingirica@cloudbasesolutions.com>
Robin Naundorf <r.naundorf@fh-muenster.de>
Rodolfo Alonso Hernandez <rodolfo.alonso.hernandez@intel.com>
Rodrigo Barbieri <rodrigo.barbieri2010@gmail.com>
Roey Chen <roeyc@vmware.com>
Rohan Kanade <openstack@rohankanade.com>
Rohan Kanade <rohan.kanade@izeltech.com>
Rohan Kanade <rohan.kanade@nttdata.com>
Rohan Rhishikesh Kanade <rohan.kanade@nttdata.com>
Rohit Karajgi <rohit.karajgi@nttdata.com>
Roland Hochmuth <roland.hochmuth@hp.com>
Romain Chantereau <romain.chantereau@enovance.com>
Romain Hardouin <romain.hardouin@cloudwatt.com>
Roman Bogorodskiy <bogorodskiy@gmail.com>
Roman Bogorodskiy <rbogorodskiy@mirantis.com>
Roman Dobosz <roman.dobosz@intel.com>
Roman Podoliaka <rpodolyaka@mirantis.com>
Roman Podolyaka <rpodolyaka@mirantis.com>
Ronald Bradford <ronald.bradford@gmail.com>
Ronen Kat <ronenkat@il.ibm.com>
Rongze Zhu <zrzhit@gmail.com>
RongzeZhu <zrzhit@gmail.com>
Rosario Di Somma <rosario.disomma@dreamhost.com>
Ruby Loo <rloo@yahoo-inc.com>
Rui Chen <chenrui.momo@gmail.com>
Rushi Agrawal <rushi.agr@gmail.com>
Russell Bryant <rbryant@redhat.com>
Russell Cloran <russell@nimbula.com>
Russell Sim <russell.sim@gmail.com>
Ryan Hsu <rhsu@vmware.com>
Ryan Lane <rlane@wikimedia.org>
Ryan Lucio <rlucio@internap.com>
Ryan McNair <rdmcnair@us.ibm.com>
Ryan Moe <rmoe@mirantis.com>
Ryan Moore <ryan.moore@hp.com>
Ryan Moore <ryan.moore@hpe.com>
Ryan Rossiter <rlrossit@us.ibm.com>
Ryo Miki <miki.ryo@po.ntts.co.jp>
Ryota MIBU <r-mibu@cq.jp.nec.com>
Ryu Ishimoto <ryu@midokura.jp>
Sabari Kumar Murugesan <smurugesan@vmware.com>
Sachi King <nakato@nakato.io>
Sagar Ratnakara Nikam <nikam@hp.com>
Sahid Orentino Ferdjaoui <sahid.ferdjaoui@cloudwatt.com>
Sahid Orentino Ferdjaoui <sahid.ferdjaoui@redhat.com>
Sahid Orentino Ferdjaoui <sferdjao@redhat.com>
Salvatore Orlando <salvatore.orlando@eu.citrix.com>
Sam Alba <sam.alba@gmail.com>
Sam Betts <sam@code-smash.net>
Sam Morrison <sorrison@gmail.com>
Sam Morrison<sorrison@gmail.com>
Sam Yaple <sam@yaple.net>
Samantha Blanco <samantha.blanco@att.com>
Sampath Priyankara <sampath.priyankara@lab.ntt.co.jp>
Samuel Matzek <smatzek@us.ibm.com>
Sandy Walsh <sandy.walsh@rackspace.com>
Santiago Baldassin <santiago.b.baldassin@intel.com>
Sarafraj Singh <Sarafraj.Singh@intel.com>
Sascha Peilicke <saschpe@gmx.de>
Sascha Peilicke <saschpe@mailbox.org>
Sascha Peilicke <saschpe@suse.de>
Sateesh Chodapuneedi <sateesh.chodapuneedi@citrix.com>
Sathish Nagappan <sathish.nagappan@nebula.com>
Satoru Moriya <satoru.moriya.br@hitachi.com>
Satyanarayana Patibandla <satya.patibandla@tcs.com>
Satyanarayana Patibandla <satya.patibandlai@tcs.com>
Saverio Proto <saverio.proto@switch.ch>
Scott Moser <smoser@brickies.net>
Scott Moser <smoser@ubuntu.com>
Scott Reeve <sreeve2376@gmail.com>
Scott Wilson <scott.wilson@gmail.com>
Sean Chen <xuchenx@gmail.com>
Sean Dague <sdague@linux.vnet.ibm.com>
Sean Dague <sean.dague@samsung.com>
Sean Dague <sean@dague.net>
Sean M. Collins <sean@coreitpro.com>
Sean M. Collins <sean_collins2@cable.comcast.com>
Sean McCully <sean_mccully@yahoo.com>
Sean McGinnis <sean.mcginnis@gmail.com>
Sean McGinnis <sean.mcginnis@huawei.com>
Sean McGinnis <sean_mcginnis@dell.com>
Sean Mooney <sean.k.mooney@intel.com>
Sean Mooney <work@seanmooney.info>
Seif Lotfy <s.lotfy@telekom.de>
Senhua Huang <senhuang@cisco.com>
Sergey Nikitin <nikitinserv@gmail.com>
Sergey Nikitin <snikitin@mirantis.com>
Sergey Skripnick <sskripnick@mirantis.com>
Sergey Vilgelm <sergey@vilgelm.info>
Sergii Golovatiuk <sgolovat@redhat.com>
Sergio Cazzolato <sergio.j.cazzolato@intel.com>
Shane Wang <shane.wang@intel.com>
ShaoHe Feng <shaohe.feng@intel.com>
Sharat Sharma <s.sharatsharma@gmail.com>
Shawn Harsock <hartsocks@vmware.com>
Shawn Hartsock <hartsocks@acm.org>
Shawn Hartsock <hartsocks@vmware.com>
Shih-Hao Li <shihli@vmware.com>
Shilla Saebi <shilla.saebi@gmail.com>
Shlomi Sasson <shlomis@mellanox.com>
Shoham Peller <shoham.peller@stratoscale.com>
Shraddha Pandhe <shraddha.pandhe@yahoo.com>
Shraddha Pandhe <spandhe@yahoo-inc.com>
Shuangtai Tian <shuangtai.tian@intel.com>
ShunliZhou <slzhou@fiberhome.com>
Shunya Kitada <syun.kitada@gmail.com>
Shuquan Huang <huang.shuquan@99cloud.net>
Sidharth Surana <ssurana@vmware.com>
Sihan Wang <wsihan@vmware.com>
Silvan Kaiser <silvan@quobyte.com>
Simon Chang <simon.sy.chang@gmail.com>
Simon Dodsley <simon@purestorage.com>
Simon Pasquier <pasquier.simon@gmail.com>
Simon Pasquier <spasquier@mirantis.com>
Simona Iuliana Toader <itoader@cloudbasesolutions.com>
Sirisha Devineni <sirisha_devineni@persistent.co.in>
Sirushti Murugesan <sirushtim@gmail.com>
Sivasathurappan Radhakrishnan <siva.radhakrishnan@intel.com>
Slawek Kaplonski <skaplons@redhat.com>
Solly Ross <sross@redhat.com>
Somik Behera <somikbehera@gmail.com>
Soren Hansen <soren.hansen@rackspace.com>
Soren Hansen <sorenhansen@rackspace.com>
Spencer Krum <nibz@cat.pdx.edu>
Spencer Yu <yushb@gohighsec.com>
Stanislaw Pitucha <stanislaw.pitucha@hp.com>
Stanisław Pitucha <stanislaw.pitucha@hp.com>
Stef T <stelford@internap.com>
Stefan Amann <stefan.amann@de.ibm.com>
Stephanie Reese <reese.sm@gmail.com>
Stephen Finucane <sfinucan@redhat.com>
Stephen Finucane <stephen.finucane@intel.com>
Stephen Finucane <stephenfin@redhat.com>
Stephen Finucane <stephenfinucane@hotmail.com>
Stephen Gran <stephen.gran@guardian.co.uk>
StephenSun <bbcool4444@gmail.com>
Steve Baker <sbaker@redhat.com>
Steve Baker <steve@stevebaker.org>
Steve Kowalik <steven@wedontsleep.org>
Steve Noyes <steve.noyes@oracle.com>
Steven Dake <sdake@redhat.com>
Steven Hardy <shardy@redhat.com>
Steven Kaufer <kaufer@us.ibm.com>
Steven Webster <steven.webster@windriver.com>
Stuart McLaren <stuart.mclaren@hp.com>
Subashini Soundararajan <subashini.rajan17@gmail.com>
Subhadeep De <subhadeep_de@symantec.com>
Sudarshan Acharya <sudarshan.acharya@gmail.com>
Sudipta Biswas <sbiswas7@in.ibm.com>
Sujitha <sujitha.neti@intel.com>
Sukhdev Kapur <sukhdev@aristanetworks.com>
Sulochan Acharya <sulochan@gmail.com>
Sumanth Nagadavalli <sumanth.nagadavalli@rackspace.com>
Sumedh Degaonkar <sdegaonkar@commvault.com>
Sumit Naiksatam <snaiksat@cisco.com>
Sundar Nadathur <sundar.nadathur@intel.com>
Sunil Thaha <sthaha@redhat.com>
Surojit Pathak <suro@yahoo-inc.com>
Surya <suryaseetharaman.9@gmail.com>
Surya Seetharaman <suryaseetharaman.9@gmail.com>
Sven Anderson <sven@redhat.com>
Svetlana Shturm <sshturm@mirantis.com>
Swami Reddy <swamireddy@gmail.com>
Swaminathan Vasudevan <swaminathan.vasudevan@hpe.com>
Swapnil Kulkarni (coolsvap) <me@coolsvap.net>
Sylvain Bauza <sbauza@redhat.com>
Sylvain Bauza <sylvain.bauza@bull.net>
Sławek Kapłoński <slawek@kaplonski.pl>
Tadayoshi Hosoya <tad-hosoya@wr.jp.nec.com>
Takaaki Suzuki <suzuki@midokura.com>
Takashi NATSUME <natsume.takashi@lab.ntt.co.jp>
Takashi Natsume <natsume.takashi@lab.ntt.co.jp>
Takashi Natsume <takanattie@gmail.com>
Takashi Sogabe <sogabe@iij.ad.jp>
Takenori Yoshimatsu <yoshimatsu@mxm.nes.nec.co.jp>
Taku Izumi <izumi.taku@jp.fujitsu.com>
Tang Chen <chen.tang@easystack.cn>
Tang Chen <tangchen@cn.fujitsu.com>
Tao Li <litao3721@126.com>
Tao Yang <magictao@gmail.com>
Tao Yang <yangt.yun@chinatelecom.cn>
TaoBai <baitaosh@cn.ibm.com>
Taylor Peoples <tpeoples@us.ibm.com>
Taylor Smith <taylor@taylorcole.net>
Teng Li <learnerever@gmail.com>
Teran McKinney <teran.mckinney@rackspace.com>
Tetsuro Nakamura <nakamura.tetsuro@lab.ntt.co.jp>
Tetsuro Nakamura <tetsuro.nakamura.bc@hco.ntt.co.jp>
Thang Pham <thang.g.pham@gmail.com>
Thelo Gaultier <thelo.gaultier@gmail.com>
Theodoros Tsioutsias <theodoros.tsioutsias@cern.ch>
Thierry Carrez <thierry@openstack.org>
Thomas Bachman <tbachman@yahoo.com>
Thomas Bechtold <tbechtold@suse.com>
Thomas Bechtold <thomasbechtold@jpberlin.de>
Thomas Goirand <zigo@debian.org>
Thomas Herve <thomas.herve@enovance.com>
Thomas Kaergel <kaergel@b1-systems.de>
Thomas Maddox <thomas.maddox@rackspace.com>
Thomas Stewart <thomas@stewarts.org.uk>
Thorsten Tarrach <thorsten@atomia.com>
Tiago Mello <tmello@linux.vnet.ibm.com>
Tianpeng Wang <timon86.wang@gmail.com>
Tiantian Gao <hzgaott@corp.netease.com>
Tim Miller <tim.miller.0@gmail.com>
Tim Potter <tpot@hp.com>
Tim Pownall <pownalltim@gmail.com>
Tim Pownall <tim.pownall@rackspace.com>
Tim Rozet <trozet@redhat.com>
Tim Simpson <tim.simpson@rackspace.com>
Timofey Durakov <tdurakov@mirantis.com>
Toan Nguyen <toan.nguyen@rackspace.com>
Tobias Urdin <tobias@busybox.se>
Todd Willey <todd@ansolabs.com>
Tom Cammann <tom.cammann@hp.com>
Tom Fifield <fifieldt@unimelb.edu.au>
Tom Fifield <tom@openstack.org>
Tom Hancock <tom.hancock@hp.com>
Tom Patzig <tom.patzig@sap.com>
Tomi Juvonen <tomi.juvonen@nokia.com>
Tomoe Sugihara <tomoe@midokura.com>
Tomofumi Hayashi <s1061123@gmail.com>
Tomoki Sekiyama <tomoki.sekiyama.qu@hitachi.com>
Tomoki Sekiyama <tomoki.sekiyama@hds.com>
Tong Li <litong01@us.ibm.com>
Tony Breeds <tony@bakeyournoodle.com>
Tony NIU <niuwl586@gmail.com>
Tony Xu <hhktony@gmail.com>
Tony Yang <bjyangf@cn.ibm.com>
Toshiaki Higuchi <higuchi@mxj.nes.nec.co.jp>
Tovin Seven <vinhnt@vn.fujitsu.com>
Tracy Jones <tjones@vmware.com>
Travis Ankrom <crabbytravvy@gmail.com>
Trey Morris <trey.morris@rackspace.com>
Tristan Cacqueray <tdecacqu@redhat.com>
Tristan Cacqueray <tristan.cacqueray@enovance.com>
Troy Toman <troy.toman@rackspace.com>
Trung Trinh <trung.t.trinh@dektech.com.au>
Tsuyoshi Nagata <nagata3333333@jp.fujitsu.com>
TuanLAF <tuanla@vn.fujitsu.com>
Tushar Kalra <tushar@cloudscaling.com>
Tushar Patil <tushar.vitthal.patil@gmail.com>
Tyler Blakeslee <tblakes@us.ibm.com>
Unmesh Gurjar <unmesh.gurjar@hp.com>
Unmesh Gurjar <unmesh.gurjar@nttdata.com>
Unmesh Gurjar <unmesh.gurjar@vertex.co.in>
Vasiliy Shlykov <vash@vasiliyshlykov.org>
Vasyl Saienko <vsaienko@mirantis.com>
VeenaSL <mveenasl@gmail.com>
Venkateswarlu Pallamala <p.venkatesh551@gmail.com>
Vern Hart <v-openstack@vern.com>
Vic Howard <victor.r.howard@gmail.com>
Victor Coutellier <victor.coutellier@gmail.com>
Victor Morales <victor.morales@intel.com>
Victor Sergeyev <vsergeyev@mirantis.com>
Victor Stinner <victor.stinner@enovance.com>
Victor Stinner <vstinner@redhat.com>
Vijaya Erukala <vijayaerukala@gmail.com>
Vikhyat Umrao <vumrao@redhat.com>
Vilobh Meshram <vilobhmm@yahoo-inc.com>
Vincent Hou <sbhou@cn.ibm.com>
Vincent Untz <vuntz@suse.com>
Vipin Balachandran <vbala@vmware.com>
Vishakha Agarwal <agarwalvishakha18@gmail.com>
Vishvananda Ishaya <vishvananda@gmail.com>
Vivek Agrawal <vivek.agrawal@veritas.com>
Vivek YS <vivek.ys@gmail.com>
Vladan Popovic <vpopovic@redhat.com>
Vladik Romanovsky <vladik.romanovsky@enovance.com>
Vladik Romanovsky <vromanso@redhat.com>
Vladyslav Drok <vdrok@mirantis.com>
Vu Cong Tuan <tuanvc@vn.fujitsu.com>
Vu Tran <vu.tran@windriver.com>
Vui Lam <vui@vmware.com>
Vui Lam<vui@vmware.com>
Waldemar Znoinski <waldemar.znoinski@intel.com>
Walter A. Boring IV <walter.boring@hp.com>
Wang Huaqiang <huaqiang.wang@intel.com>
Wangliangyu <wangliangyu@gohighsec.com>
Wangpan <hzwangpan@corp.netease.com>
Wangpan <wangpan@yunrongtech.com>
Wanlong Gao <wanlong.gao@gmail.com>
Wei Jiangang <weijg.fnst@cn.fujitsu.com>
Wen Zhi Yu <wenzhi_yu@163.com>
Wen Zhi Yu <yuywz@cn.ibm.com>
Wenhao Xu <xuwenhao2008@gmail.com>
Wenzhi Yu <wenzhi_yu@163.com>
Will Foster <wfoster@redhat.com>
William Wolf <throughnothing@gmail.com>
Wonil Choi <wonil22.choi@samsung.com>
Wu Wenxiang <wu.wenxiang@99cloud.net>
Xavier Queralt <xqueralt@redhat.com>
Xiang Hui <xianghui@cn.ibm.com>
Xiangyang Chu <xychu2008@gmail.com>
Xiao Chen <chenxiao@cn.ibm.com>
XiaohanZhang <15809181826@qq.com>
XiaojueGuan <guanalbertjone@gmail.com>
Xiaowei Qian <qianxw.fnst@cn.fujitsu.com>
Xiaoyan Ding <xyding@cn.ibm.com>
XieYingYun <smokony@sina.com>
Xing Yang <xing.yang@emc.com>
Xinyuan Huang <xinyuahu@cisco.com>
Xu Ao <xuao@awcloud.com>
Xu Han Peng <xuhanp@cn.ibm.com>
Xuanzhou Perry Dong <oss_xzdong@163.com>
Xurong Yang <yangxurong@huawei.com>
YAMAMOTO Takashi <yamamoto@midokura.com>
YI-JIE,SYU <tw0927041027@gmail.com>
Yaguang Tang <heut2008@gmail.com>
Yaguang Tang <yaguang.tang@canonical.com>
Yang Hongyang <imhy.yang@gmail.com>
Yang Yu <yuyangbj@cn.ibm.com>
YangLei <yanglyy@cn.ibm.com>
Yassine Lamgarchal <yassine.lamgarchal@enovance.com>
Yasuaki Nagata <yasuaki.nagata@intellilink.co.jp>
Yikun Jiang <yikunkero@gmail.com>
Yingxin <yingxin.cheng@intel.com>
Yingxin Cheng <yingxin.cheng@intel.com>
Yixing Jia <yixingj@vmware.com>
Yolanda Robla <yolanda.robla@canonical.com>
Yong Sheng Gong <gongysh@cn.ibm.com>
Yongli He <yongli.he@intel.com>
Yongli he <yongli.he@intel.com>
Yoon Doyoul <ydoyeul@gmail.com>
Yosef Berman <yosef@cloudscaling.com>
Yosef Hoffman <yh128t@att.com>
Yoshiaki Tamura <yoshi@midokura.jp>
Yoshihiko Atsumi <atsumi.yoshihiko@po.ntts.co.jp>
You Ji <jiyou09@gmail.com>
YuYang <yuyangwang1985@gmail.com>
Yufang Zhang <yufang521247@gmail.com>
Yuiko Takada <takada-yuiko@mxn.nes.nec.co.jp>
Yuiko Takada <yui-takada@tg.jp.nec.com>
YuikoTakada <takada-yuiko@mxn.nes.nec.co.jp>
Yukihiro KAWADA <warp.kawada@gmail.com>
Yulia Portnova <yportnova@mirantis.com>
Yun Mao <yunmao@gmail.com>
Yun Shen <Yun.Shen@hp.com>
Yunhong Jiang <yunhong.jiang@intel.com>
Yunhong, Jiang <yunhong.jiang@intel.com>
Yuriy Taraday <yorik.sar@gmail.com>
Yuriy Zveryanskyy <yzveryanskyy@mirantis.com>
Yury Kulazhenkov <yury.kulazhenkov@dell.com>
Yuuichi Fujioka <y-fujioka@zg.nes.jp.nec.com>
Yuzlikeev Eduard <eyuzlikeev@mirantis.com>
ZHU ZHU <zhuzhubj@cn.ibm.com>
Zack Cornelius <zack.cornelius@kove.net>
Zaina Afoulki <zenetcontact@gmail.com>
Zane Bitter <zbitter@redhat.com>
Zara <thezarazia@gmail.com>
Zed Shaw <zedshaw@zedshaw.com>
ZhangShuaiyi <zhang_syi@hotmail.com>
Zhao Lei <zhaolei@cn.fujitsu.com>
Zhen Qin <zhenqin@cisco.com>
Zheng Yue <zhengyue@hihuron.com>
Zhengguang <zhengguangou@gmail.com>
Zhenguo Niu <niuzhenguo@huawei.com>
Zhenguo Niu <zhenguo@unitedstack.com>
Zhenzan Zhou <zhenzan.zhou@intel.com>
Zhi Yan Liu <lzy.dev@gmail.com>
Zhi Yan Liu <zhiyanl@cn.ibm.com>
ZhiQiang Fan <aji.zqfan@gmail.com>
ZhiQiang Fan <zhiqiang.fan@huawei.com>
Zhihai Song <zhihai.song@easystack.cn>
Zhilong.JI <zlji@ctrip.com>
Zhiteng Huang <zhiteng.huang@intel.com>
Zhiteng Huang <zhithuang@ebaysf.com>
ZhongShengping <chdzsp@163.com>
Zhongyue Luo <zhongyue.nah@intel.com>
Zhou Jianming <zhoujm_cri@hotmail.com>
Zhou ShaoYu <hzzhoushaoyu@corp.netease.com>
ZhuRongze <zrzhit@gmail.com>
Ziad Sawalha <github@highbridgellc.com>
Zoltan Arnold Nagy <nag@zurich.ibm.com>
abdul nizamuddin <abdul.nizamuddin@nectechnologies.in>
abhilash-goyal <abhilash.goyal@tcs.com>
abhishek-kekane <abhishek.kekane@nttdata.com>
abhishek.talwar <abhishek.talwar@tcs.com>
abhishekkekane <abhishek.kekane@nttdata.com>
alexpilotti <ap@pilotti.it>
andrewbogott <abogott@wikimedia.org>
ankitagrawal <ankit11.agrawal@nttdata.com>
april <xiaolixu@cn.ibm.com>
arches <luisa.arches@nokia.com>
armando-migliaccio <amigliaccio@nicira.com>
armando-migliaccio <armamig@gmail.com>
arvindn05 <arvind.nadendla@intel.com>
ashoksingh <ashoksr@juniper.net>
aulbachj <aulbachj@BR9TG4TG.de.ibm.com>
bailinzhang <zhang.bailin@zte.com.cn>
baiwenteng <baiwenteng@inspur.com>
benjamin.grassart <benjamin.grassart@thalesgroup.com>
bhagyashris <bhagyashri.shewale@nttdata.com>
bhavani.cr <bhavani.r@nectechnologies.in>
boh.ricky <boh.ricky@gmail.com>
bria4010 <brian.rosmaita@rackspace.com>
caoyuan <cao.yuan@99cloud.net>
cedric.brandily <cedric.brandily@thalesgroup.com>
chaochin@gmail.com <chaochin@gmail.com>
chen <dstbtgagt@foxmail.com>
chenaidong1 <chen.aidong@zte.com.cn>
chenghuiyu <yuchenghui@unionpay.com>
chenpengzi <1523688226@qq.com>
chenxiangui <chenxiangui@inspur.com>
chenxiao <chenxiao@cn.ibm.com>
chenxing <chason.chan@foxmail.com>
chenxing <chen.xing@99cloud.net>
chhagarw <chhagarw@in.ibm.com>
chinmay <chinmaya-bharadwaj.a@hp.com>
chohoor <chohoor@gmail.com>
chris fattarsi <chris.fattarsi@pistoncloud.com>
csatari <gergely.csatari@nokia.com>
da52700 <li.jingjing3@zte.com.cn>
daisy-ycguo <daisy.ycguo@gmail.com>
daisy-ycguo <guoyingc@cn.ibm.com>
dane-fichter <dane.fichter@jhuapl.edu>
david martin <dmartls1@gmail.com>
deepak.mourya <deepak.mourya@nectechnologies.in>
deepak_mourya <deepak.mourya@india.nec.com>
deepak_mourya <deepak.mourya@nectechnologies.in>
deepakmourya <deepak.mourya@nectechnologies.in>
deevi rani <deevi_rani@persistent.co.in>
dekehn <dekehn@gmail.com>
dimtruck <dimalg@yahoo.com>
dineshbhor <dinesh.bhor@nttdata.com>
divakar-padiyar-nandavar <divakar.padiyar-nandavar@hp.com>
dzyu <dzyu@cn.ibm.com>
eddie-sheffield <eddie.sheffield@rackspace.com>
eewayhsu <ehsu@walmart.com>
ejbaek <ej218.baek@samsung.com>
ericxiett <eric_xiett@163.com>
ericzhou <zyouzhou@cn.ibm.com>
esberglu <esberglu@us.ibm.com>
esubramanian <esubramanian@godaddy.com>
evikbas <viktor.bass@ericsson.com>
facundo Farias <facundo.farias@intel.com>
falseuser <zhaomingjun@unitedstack.com>
fpxie <fpxie@fiberhome.com>
ftersin <ftersin@cloudscaling.com>
fujioka yuuichi <fujioka-yuuichi@zx.mxh.nes.nec.co.jp>
fuzk <fuzk@inspur.com>
galstrom21 <jshepher@rackspace.com>
gaofei <gao.fei@inspur.com>
gaozx <zxgao@fiberhome.com>
garyk <garyk@radware.com>
garyk <gkotton@vmware.com>
gengchc2 <geng.changcai2@zte.com.cn>
gengjh <gengjh@cn.ibm.com>
gh159m <gh159m@att.com>
ghanshyam <ghanshyam.mann@nectechnologies.in>
ghanshyam <ghanshyammann@gmail.com>
ghanshyam <gmann@ghanshyammann.com>
git-harry <git-harry@live.co.uk>
gong yong sheng <gong.yongsheng@99cloud.net>
gongxiao <gongxiao@fiberhome.com>
gongysh <gongysh@linux.vnet.ibm.com>
grace.yu <grace.yu@huawei.com>
gregory.cunha <gregory.cunha@thalesgroup.com>
gseverina <gaston.e.severina@intel.com>
guanzuoyu <guanzuoyu@cloudin.kmail.com>
guillaume-thouvenin <guillaume.thouvenin@bull.net>
guohliu <guohliu@cn.ibm.com>
gustavo panizzo <gfa@zumbi.com.ar>
hackertron <jayadityagupta11@gmail.com>
hartsocks <hartsocks@vmware.com>
heha <zhanghanqun@unitedstack.com>
heijlong <heijlong@linux.vnet.ibm.com>
hgangwx <hgangwx@cn.ibm.com>
hill <yuyuehill@gmail.com>
hua zhang <zhhuabj@cn.ibm.com>
huang.zhiping <huang.zhiping@99cloud.net>
huangpengtao <huangpengtao@huawei.com>
huangtianhua <huangtianhua@huawei.com>
huangtianhua <tiantian223@163.com>
huanhongda <hongda.xun@easystack.cn>
hussainchachuliya <hussain.chachuliya@nttdata.com>
hutianhao27 <hu.tianhao@99cloud.net>
hzguanqiang <hzguanqiang@corp.netease.com>
ianeta hutchinson <ianeta.hutchinson@intel.com>
iccha.sethi <iccha.sethi@rackspace.com>
imacdonn <iain.macdonnell@oracle.com>
inspurericzhang <zhanglf01@inspur.com>
int32bit <krystism@gmail.com>
isethi <iccha.sethi@rackspace.com>
iswarya_vakati <v.iswarya@nectechnologies.in>
ivan-zhu <bozhu@linux.vnet.ibm.com>
jakedahn <jake@ansolabs.com>
javeme <javaloveme@gmail.com>
jaypei <jaypei97159@gmail.com>
jcooklin <joel.cooklin@gmail.com>
jeckxie <xiexiaozhe@inspur.com>
jenny-shieh <jenny.shieh@hp.com>
jiajunsu <jiajunsu@huawei.com>
jianghua wang <jianghua.wang@citrix.com>
jianghuaw <jianghua.wang@citrix.com>
jiangwt100 <jiangwt100@gmail.com>
jiataotj <jiataotj@cn.ibm.com>
jichen <jichenjc@cn.ibm.com>
jichenjc <jichenjc@cn.ibm.com>
jimmygc <guochao@winhong.com>
jinquanni <ni.jinquan@zte.com.cn>
jmeridth <jmeridth@gmail.com>
john.griffith8@gmail.com <john.griffith8@gmail.com>
jokcylou <jokcylou@gmail.com>
jolie <guoshan@awcloud.com>
jufeng <jesse@easystack.cn>
jufeng <jufeng@cn.ibm.com>
julykobe <myzswen@gmail.com>
kairoaraujo <kairo@kairo.eti.br>
kangyufei <kangyf@inspur.com>
karimb <karimboumedhel@gmail.com>
karimull <karimullah.mohammed@intel.com>
kashivreddy <kashi.reddy@rackspace.com>
kevin shen <372712550@qq.com>
kirankv <kiran-kumar.vaddi@hp.com>
kiwik-chenrui <chenrui.momo@gmail.com>
klyang <klyang@fiberhome.com>
ladquin <laura.adq@gmail.com>
lapgoon <lapgoon@gmail.com>
lawrancejing <lawrancejing@gmail.com>
lei zhang <shleiz@cn.ibm.com>
leizhang <lei.a.zhang@intel.com>
lianghao <lianghao@cmss.chinamobile.com>
lianghuifei <lianghuifei830@126.com>
liangjingtao <liang.jingtao@zte.com.cn>
libing <libing863@fiberhome.com>
licanwei <li.canwei2@zte.com.cn>
linbing <hawkerous@gmail.com>
ling-yun <zengyunling@huawei.com>
linwwu <wlwwu@cn.ibm.com>
liu-lixiu <liu.lixiu@zte.com.cn>
liu-sheng <liusheng@huawei.com>
liudong <willowd878@gmail.com>
liusheng <liusheng@huawei.com>
liuyamin <liuyamin@fiberhome.com>
lixipeng <lixipeng@prophetech.cn>
liyingjun <liyingjun1988@gmail.com>
liyingjun <yingjun.li@kylin-cloud.com>
liyuanyuan <liyuanyuan.fnst@cn.fujitsu.com>
lizheming <lizheming.li@huawei.com>
lkhysy <kwonho81.lee@samsung.com>
llg8212 <lilinguo@huawei.com>
lqslan <lqslan@cn.ibm.com>
lrqrun <lrqrun@gmail.com>
lvdongbing <dongbing.lv@kylin-cloud.com>
lyanchih <lyan.h@inwinstack.com>
m.benchchaoui@cloudbau.de <m.benchchaoui@cloudbau.de>
m4cr0v <m4cr0v@gmail.com>
manas.mandlekar <manas.mandlekar@in.ibm.com>
maqi <maqi@cmss.chinamobile.com>
mark.sturdevant <mark.sturdevant@hpe.com>
mathieu-rohon <mathieu.rohon@gmail.com>
mathrock <nathanael.i.burton.work@gmail.com>
mathrock <nathanael.i.burton@gmail.com>
mb <mb@citynetwork.se>
mbasnight <mbasnigh@rackspace.com>
mdrabe <mdrabe@us.ibm.com>
melanie witt <melwitt@yahoo-inc.com>
melanie witt <melwittt@gmail.com>
melissaml <ma.lei@99cloud.net>
mingyan bao <bao.mingyan@hp.com>
mjbright <openstack@mjbright.net>
mkislinska <mkislinska@griddynamics.com>
mmidolesov <mmidolesov@vmware.com>
msdubov <mdubov@mirantis.com>
nafei yang <nafeiy@cn.ibm.com>
naichuans <naichuan.sun@citrix.com>
oleksii <oshyman@mirantis.com>
panbalag <panbalag@redhat.com>
pandatt <guojy8993@163.com>
pangliye <pangliye@inspur.com>
park hei <heijlong@linux.vnet.ibm.com>
park hei <jianlonghei@gmail.com>
parklong <heijlong@linux.vnet.ibm.com>
partys <zhangqw.fnst@cn.fujitsu.com>
paul-carlton2 <paul.carlton2@hpe.com>
pcarlton <paul.carlton2@hpe.com>
pengyuwei <pengyuwei@gmail.com>
piyush110786 <piyush.pathak@ril.com>
pkholkin <pkholkin@mirantis.com>
pmoosh <pmoosh@yahoo.com>
pooja jadhav <pooja.jadhav@nttdata.com>
poojajadhav <pooja.jadhav@nttdata.com>
pran1990 <praneshpg@gmail.com>
preethipy <preethi.py@in.ibm.com>
pyw <pengyuwei@gmail.com>
qiaomin <chen.qiaomin@99cloud.net>
qiufossen <qiujunting@inspur.com>
rackerjoe <breu@breu.org>
rajat29 <rajat.sharma@nectechnologies.in>
ricolin <rico.lin.guanyu@gmail.com>
rsritesh <rsritesh@rediff.com>
rtmdk <rtmdk@163.com>
ruichen <kiwik.chenrui@huawei.com>
ryo.kurahashi <kurahashi-rxa@necst.nec.co.jp>
s iwata <s-iwata@intellilink.co.jp>
saradpatel <sarad.patel@hp.com>
sarvesh-ranjan <saranjan@cisco.com>
sarvesh-ranjan <sarvranjan@gmail.com>
scottda <scott.dangelo@hp.com>
scottda <scott.dangelo@ibm.com>
shaofeng_cheng <chengsf@winhong.com>
sharat.sharma <sharat.sharma@nectechnologies.in>
shenxindi <shenxindi@cmss.chinamobile.com>
shi liang <shiliang@chinac.com>
shihanzhang <shihanzhang@huawei.com>
shilpa <shilpa.devharakar@nttdata.com>
shreeduth-awasthi <shreeduth.awasthi@tcs.com>
shuangtai <shuangtai.tian@intel.com>
shuangyang.qian <shuangyang.qian@easystack.cn>
smartu3 <zzj123389602@gmail.com>
smccully <smccully@openstack.local.nunet.net>
sonu.kumar <sonu.kumar@nectechnologies.in>
space <fengzhr@awcloud.com>
sridevik <koushiksridevi8@gmail.com>
sridhargaddam <sridhar.gaddam@enovance.com>
srushti <srushti.gadadare@nttdata.com>
stanzgy <stan.zgy@gmail.com>
stewie925 <st3wty@att.com>
stewie925 <st6218@att.com>
sudhir_agarwal <sudhir.agarwal@nectechnologies.in>
sunhao <suha9102@163.com>
sunjia <sunjia@inspur.com>
tamilhce <tamilhce@gmail.com>
tanlin <lin.tan@intel.com>
tengqm <tengqim@cn.ibm.com>
thorst <thorst@us.ibm.com>
tianhui <tianhui@awcloud.com>
tianmaofu <tianmaofu@126.com>
tilottama gaat <tilottama.gaat@rackspace.com>
to-niwa <to-niwa@kddilabs.jp>
tonybrad <zhangyuan1@chinaunicom.cn>
uberj <jaxbr503@gmail.com>
unicell <unicell@gmail.com>
vaddi-kiran <vaddi_kiran@persistent.co.in>
venakata anil <anil.venkata@enovance.com>
venkata anil <anil.venkata@enovance.com>
venkatamahesh <venkatamaheshkotha@gmail.com>
vijaya-erukala <vijaya_erukala@persistent.co.in>
vladimir.p <vladimir@zadarastorage.com>
vsaienko <vsaienko@mirantis.com>
wangbo <wbwangbo@cn.ibm.com>
wangdequn <wangdequn@inspur.com>
wangfaxin <wangfaxin@inspur.com>
wanghao <wanghao749@huawei.com>
wanghongtaozz <wanghongtaozz@inspur.com>
wanghongxu <wanghongxu@t2cloud.net>
wangjiajing <wangjiajing@inspur.com>
wangqi <wang.qi@99cloud.net>
wangxiyuan <wangxiyuan@huawei.com>
warewang <wangguangcai@huawei.com>
watanabe isao <zou.yun@jp.fujitsu.com>
weiweigu <gu.weiwei@zte.com.cn>
wingwj <wingwj@gmail.com>
wuhao <wuhao@unitedstack.com>
xhzhf <guoyongxhzhf@163.com>
xianming mao <xianming.mao@easystack.cn>
xiaoding <xiaoding1@huawei.com>
xiaojueguan <xiaojueguan@gmail.com>
xiexs <xiexs@cn.fujitsu.com>
xulei <xulei@cmss.chinamobile.com>
xushichao <gudujianjsk@gmail.com>
ya.wang <wang.ya@99cloud.net>
yan97ao <yangt.yun@chinatelecom.cn>
yangyapeng <yang.yapeng@99cloud.net>
yanpuqing <yanpq@awcloud.com>
yatin <yatin.karel@nectechnologies.in>
yatin karel <yatin.karel@nectechnologies.in>
yatinkarel <yatin.karel@nectechnologies.in>
ydoyeul <doyoul.yoon@samsung.com>
yenai <yenai@cmss.chinamobile.com>
yingjisun <yingjisun@vmware.com>
yongiman <yongiman@gmail.com>
yuanyue <yyuanyuee@163.com>
yugsuo <yugsuo@gmail.com>
yuhui_inspur <yuhui@inspur.com>
yunhong jiang <yunhong.jiang@intel.com>
yuntong <yuntongjin@gmail.com>
yuntongjin <yuntong.jin@intel.com>
yuntongjin <yuntongjin@gmail.com>
yushangbin <yushb@gohighsec.com>
yuyafei <yu.yafei@zte.com.cn>
zhang-jinnan <ben.os@99cloud.net>
zhang.lei <zhang.lei@99cloud.net>
zhang.yufei@99cloud.net <1004988384@qq.com>
zhangbailin <zhangbailin@inspur.com>
zhangchao010 <zhangchao010@huawei.com>
zhangchunlong <zhangchunlong1@huawei.com>
zhangchunlong1@huawei.com <zhangchunlong1@huawei.com>
zhangdaolong <zhangdaolong@fiberhome.com>
zhangdebo <zhangdebo@inspur.com>
zhangdebo1987 <zhangdebo@inspur.com>
zhangfeng <zhangfeng2011@cn.fujitsu.com>
zhangshj <zhangshj@inspur.com>
zhangtralon <zhangchunlong1@huawei.com>
zhangyangyang <zhangyangyang@unionpay.com>
zhangyanxian <zhangyanxianmail@163.com>
zhangyanzi <zhangyanzi@huawei.com>
zhaolihui <zhaolh@awcloud.com>
zhengyao1 <zheng.yao1@zte.com.cn>
zhhuabj <zhhuabj@cn.ibm.com>
zhiyanliu <lzy.dev@gmail.com>
zhiyanliu <zhiyanl@cn.ibm.com>
zhiyuan_cai <luckyvega.g@gmail.com>
zhoudongshu <zhoudshu@gmail.com>
zhoujunqiang <zhoujunqiang.zhou@huawei.com>
zhouxinyong <zhouxinyong@inspur.com>
zhu.boxiang <zhu.boxiang@99cloud.net>
zhubx007 <zhu.boxiang@99cloud.net>
zhufl <zhu.fanglei@zte.com.cn>
zhulingjie <easyzlj@gmail.com>
zhurong <aaronzhu1121@gmail.com>
zhuzeyu <zhu.zeyu@zte.com.cn>
zte-hanrong <han.rong3@zte.com.cn>
zwei <leidong@unitedstack.com>
Édouard Thuleau <edouard.thuleau@cloudwatt.com>
Édouard Thuleau <edouard.thuleau@orange.com>
Édouard Thuleau <edouard1.thuleau@orange.com>
Édouard Thuleau <ethuleau@juniper.net>
Émilien Macchi <emilien.macchi@enovance.com>
翟小君 <zhaixiaojun@gohighsec.com>
